<?xml version="1.0" encoding="utf-8" standalone="no"?>
<manifest identifier="I.IUSH.PedagogiaIUSH.ecd6d21d-5c0e-47c8-846c-6d42cffabc48" version="1" xmlns:adlcp="http://www.adlnet.org/xsd/adlcp_rootv1p2" xmlns="http://www.imsproject.org/xsd/imscp_rootv1p1p2" xmlns:xsi="http://www.w3.org/2001/XMLSchema-instance" xsi:schemaLocation="http://www.imsproject.org/xsd/imscp_rootv1p1p2 imscp_rootv1p1p2.xsd http://www.imsglobal.org/xsd/imsmd_rootv1p2p1 imsmd_rootv1p2p1.xsd http://www.adlnet.org/xsd/adlcp_rootv1p2 adlcp_rootv1p2.xsd">
  <metadata>
    <schema>ADL SCORM</schema>
    <schemaversion>1.2</schemaversion>
    <adlcp:location>metadata.xml</adlcp:location>
  </metadata>
  <organizations default="IUSH">
    <organization identifier="IUSH">
      <title>Pedagogia IUSH</title>
      <item identifier="item_I.IUSH.PedagogiaIUSH.ecd6d21d-5c0e-47c8-846c-6d42cffabc48" identifierref="resource_I.IUSH.PedagogiaIUSH.ecd6d21d-5c0e-47c8-846c-6d42cffabc48">
        <title>Pedagogia IUSH</title>
        <adlcp:masteryscore>100</adlcp:masteryscore>       
      </item>
    </organization>
  </organizations>
  <resources>
    <resource identifier="resource_I.IUSH.PedagogiaIUSH.ecd6d21d-5c0e-47c8-846c-6d42cffabc48" type="webcontent" href="index.html" adlcp:scormtype="sco">
      <metadata>
        <schema>ADL SCORM</schema>
        <schemaversion>1.2</schemaversion>
        <adlcp:location>metadata.xml</adlcp:location>
      </metadata>
      <file href=".DS_Store"/>
      <file href="asset-manifest.json"/>
      <file href="audio/.DS_Store"/>
      <file href="audio/bienvenida.mp3"/>
      <file href="audio/check.mp3"/>
      <file href="audio/error.mp3"/>
      <file href="audio/resp-informacion.mp3"/>
      <file href="favicon.ico"/>
      <file href="img/.DS_Store"/>
      <file href="img/1/.DS_Store"/>
      <file href="img/1/bgPage-1.png"/>
      <file href="img/1/unid-1.png"/>
      <file href="img/1/unid-2.png"/>
      <file href="img/1/unid-3.png"/>
      <file href="img/1/unid-4.png"/>
      <file href="img/1/unid-5.png"/>
      <file href="img/1/unid-6-1.png"/>
      <file href="img/1/unid-6-2.png"/>
      <file href="img/2/.DS_Store"/>
      <file href="img/2/bgPage-2.png"/>
      <file href="img/2/unid-1.png"/>
      <file href="img/2/unid-2.png"/>
      <file href="img/2/unid-3.png"/>
      <file href="img/3/.DS_Store"/>
      <file href="img/3/bgPage-3.png"/>
      <file href="img/3/unid-1.png"/>
      <file href="img/3/unid-2.png"/>
      <file href="img/3/unid-3.png"/>
      <file href="img/3/unid-4.png"/>
      <file href="img/4/.DS_Store"/>
      <file href="img/4/bgPage-1.png"/>
      <file href="img/4/icon-button.png"/>
      <file href="img/4/unid-1.png"/>
      <file href="img/5/.DS_Store"/>
      <file href="img/5/bgPage-5.png"/>
      <file href="img/5/unid-1.png"/>
      <file href="img/5/unid-2.png"/>
      <file href="img/5/unid-3.png"/>
      <file href="img/5/unid-4.png"/>
      <file href="img/6/.DS_Store"/>
      <file href="img/6/bgPage-6.png"/>
      <file href="img/6/drop-1.png"/>
      <file href="img/6/unid-1.png"/>
      <file href="img/6/unid-2.png"/>
      <file href="img/6/unid-3.png"/>
      <file href="img/7/.DS_Store"/>
      <file href="img/7/unid-7.png"/>
      <file href="img/8/.DS_Store"/>
      <file href="img/8/NPC-1.png"/>
      <file href="img/8/e-pdf.png"/>
      <file href="img/9/.DS_Store"/>
      <file href="img/9/check.png"/>
      <file href="img/9/error.png"/>
      <file href="img/cover/.DS_Store"/>
      <file href="img/cover/bgBtn-1.png"/>
      <file href="img/cover/fondo-end.png"/>
      <file href="img/cover/fondo-inicio.png"/>
      <file href="img/cover/logo-1.png"/>
      <file href="index.html"/>
      <file href="logo192.png"/>
      <file href="logo512.png"/>
      <file href="manifest.json"/>
      <file href="precache-manifest.606bb6fc76c5bfab1d98611facc323f2.js"/>
      <file href="robots.txt"/>
      <file href="service-worker.js"/>
      <file href="static/css/main.0e9656e6.chunk.css"/>
      <file href="static/css/main.0e9656e6.chunk.css.map"/>
      <file href="static/js/2.aa61d9f6.chunk.js"/>
      <file href="static/js/2.aa61d9f6.chunk.js.map"/>
      <file href="static/js/main.b0ed259d.chunk.js"/>
      <file href="static/js/main.b0ed259d.chunk.js.map"/>
      <file href="static/js/runtime~main.a8a9905a.js"/>
      <file href="static/js/runtime~main.a8a9905a.js.map"/>
      <file href="static/media/bgPage-4.abea64a6.png"/>
      <file href="static/media/fondo-footer-1.fbf79d37.png"/>
    </resource>
  </resources>
</manifest>